RANK,REFEREE,ROLE,GENDER,EXPERIENCE_(YEARS),GAMES_OFFICIATED,HOME_TEAM_WIN%,HOME_TEAM_POINTS_DIFFERENTIAL,TOTAL_POINTS_PER_GAME,CALLED_FOULS_PER_GAME,FOUL%_AGAINST_ROAD_TEAMS,FOUL%_AGAINST_HOME_TEAMS,FOUL_DIFFERENTIAL_(AG.RD_TM)_-_(AG._HM_TM),UNNAMED:_13,SCRAPED_AT,CTX_TYPE,NAME,POS,EST._RETURN_DATE,STATUS,COMMENT,GAME_DATE_EST,GAME_SEQUENCE,GAME_ID,GAME_STATUS_ID,GAME_STATUS_TEXT,GAMECODE,HOME_TEAM_ID,VISITOR_TEAM_ID,SEASON,LIVE_PERIOD,LIVE_PC_TIME,NATL_TV_BROADCASTER_ABBREVIATION,HOME_TV_BROADCASTER_ABBREVIATION,AWAY_TV_BROADCASTER_ABBREVIATION,LIVE_PERIOD_TIME_BCAST,ARENA_NAME,WH_STATUS,WNBA_COMMISSIONER_FLAG,MASTER_BUILT_AT
,Ray Acosta,CREW,MALE,8.0,65.0,0.538,1.6,227.0,36.4,0.508,0.491,0.6,,2025-12-09T10:23:04.389174+00:00,REF,,,,,,,,,,,,,,,,,,,,,,,,2025-12-09T10:24:05.133801+00:00
,Natalie Sago,CREW,FEMALE,7.0,64.0,0.516,0.5,224.3,36.6,0.497,0.502,-0.2,,2025-12-09T10:23:04.389174+00:00,REF,,,,,,,,,,,,,,,,,,,,,,,,2025-12-09T10:24:05.133801+00:00
,Marc Davis,CHIEF,MALE,27.0,56.0,0.482,-1.9,228.4,36.2,0.482,0.518,-1.3,,2025-12-09T10:23:04.389174+00:00,REF,,,,,,,,,,,,,,,,,,,,,,,,2025-12-09T10:24:05.133801+00:00
,Jacyn Goble,CREW,MALE,9.0,65.0,0.508,0.9,227.5,35.2,0.5,0.5,0.0,,2025-12-09T10:23:04.389174+00:00,REF,,,,,,,,,,,,,,,,,,,,,,,,2025-12-09T10:24:05.133801+00:00
,Gediminas Petraitis,CREW,MALE,11.0,60.0,0.55,3.0,228.7,38.5,0.493,0.508,-0.6,,2025-12-09T10:23:04.389174+00:00,REF,,,,,,,,,,,,,,,,,,,,,,,,2025-12-09T10:24:05.133801+00:00
,Andy Nagy,CREW,MALE,6.0,66.0,0.485,-0.5,228.1,39.9,0.488,0.513,-1.0,,2025-12-09T10:23:04.389174+00:00,REF,,,,,,,,,,,,,,,,,,,,,,,,2025-12-09T10:24:05.133801+00:00
,Sean Corbin,CHIEF,MALE,32.0,58.0,0.603,3.5,226.3,37.0,0.507,0.494,0.5,,2025-12-09T10:23:04.389174+00:00,REF,,,,,,,,,,,,,,,,,,,,,,,,2025-12-09T10:24:05.133801+00:00
,Jason Goldenberg,CREW,MALE,9.0,57.0,0.614,2.9,226.5,37.4,0.503,0.498,0.2,,2025-12-09T10:23:04.389174+00:00,REF,,,,,,,,,,,,,,,,,,,,,,,,2025-12-09T10:24:05.133801+00:00
,John Butler,CREW,MALE,7.0,60.0,0.533,3.0,222.8,34.9,0.515,0.485,1.1,,2025-12-09T10:23:04.389174+00:00,REF,,,,,,,,,,,,,,,,,,,,,,,,2025-12-09T10:24:05.133801+00:00
,Phenizee Ransom,CREW,MALE,9.0,65.0,0.462,-2.5,229.7,39.1,0.512,0.488,1.0,,2025-12-09T10:23:04.389174+00:00,REF,,,,,,,,,,,,,,,,,,,,,,,,2025-12-09T10:24:05.133801+00:00
,CJ Washington,CREW,MALE,11.0,55.0,0.455,-0.4,231.3,38.9,0.509,0.491,0.7,,2025-12-09T10:23:04.389174+00:00,REF,,,,,,,,,,,,,,,,,,,,,,,,2025-12-09T10:24:05.133801+00:00
,Jenna Schroeder,CREW,FEMALE,6.0,56.0,0.589,2.5,225.7,36.5,0.505,0.494,0.4,,2025-12-09T10:23:04.389174+00:00,REF,,,,,,,,,,,,,,,,,,,,,,,,2025-12-09T10:24:05.133801+00:00
,Tony Brothers,CHIEF,MALE,31.0,54.0,0.574,2.1,228.5,39.0,0.495,0.505,-0.4,,2025-12-09T10:23:04.389174+00:00,REF,,,,,,,,,,,,,,,,,,,,,,,,2025-12-09T10:24:05.133801+00:00
,Mitchell Ervin,CREW,MALE,11.0,54.0,0.63,6.0,231.0,36.7,0.502,0.499,0.1,,2025-12-09T10:23:04.389174+00:00,REF,,,,,,,,,,,,,,,,,,,,,,,,2025-12-09T10:24:05.133801+00:00
,Mousa Dagher,CREW,MALE,7.0,57.0,0.491,-0.6,225.2,37.6,0.498,0.502,-0.2,,2025-12-09T10:23:04.389174+00:00,REF,,,,,,,,,,,,,,,,,,,,,,,,2025-12-09T10:24:05.133801+00:00
,Scott Foster,CHIEF,MALE,31.0,45.0,0.489,-0.9,229.4,37.7,0.512,0.489,0.9,,2025-12-09T10:23:04.389174+00:00,REF,,,,,,,,,,,,,,,,,,,,,,,,2025-12-09T10:24:05.133801+00:00
,Justin Van Duyne,CREW,MALE,12.0,61.0,0.59,3.0,226.0,35.8,0.498,0.503,-0.2,,2025-12-09T10:23:04.389174+00:00,REF,,,,,,,,,,,,,,,,,,,,,,,,2025-12-09T10:24:05.133801+00:00
,Danielle Scott,CREW,FEMALE,0.0,48.0,0.542,-0.6,223.5,37.1,0.503,0.498,0.2,,2025-12-09T10:23:04.389174+00:00,REF,,,,,,,,,,,,,,,,,,,,,,,,2025-12-09T10:24:05.133801+00:00
,Scott Twardoski,CREW,MALE,16.0,48.0,0.5,0.7,230.0,38.2,0.5,0.5,0.0,,2025-12-09T10:23:04.389174+00:00,REF,,,,,,,,,,,,,,,,,,,,,,,,2025-12-09T10:24:05.133801+00:00
,Courtney Kirkland,CHIEF,MALE,26.0,46.0,0.543,-0.8,227.2,39.1,0.51,0.49,0.8,,2025-12-09T10:23:04.389174+00:00,REF,,,,,,,,,,,,,,,,,,,,,,,,2025-12-09T10:24:05.133801+00:00
,Evan Scott,CREW,MALE,7.0,57.0,0.474,0.6,226.2,36.2,0.496,0.505,-0.3,,2025-12-09T10:23:04.389174+00:00,REF,,,,,,,,,,,,,,,,,,,,,,,,2025-12-09T10:24:05.133801+00:00
,Simone Jelks,CREW,FEMALE,6.0,48.0,0.479,1.9,234.5,36.9,0.513,0.487,0.9,,2025-12-09T10:23:04.389174+00:00,REF,,,,,,,,,,,,,,,,,,,,,,,,2025-12-09T10:24:05.133801+00:00
,Brent Barnaky,CREW,MALE,16.0,44.0,0.455,-1.9,226.5,35.0,0.494,0.506,-0.4,,2025-12-09T10:23:04.389174+00:00,REF,,,,,,,,,,,,,,,,,,,,,,,,2025-12-09T10:24:05.133801+00:00
,Mark Lindsay,CHIEF,MALE,18.0,43.0,0.488,2.7,227.3,38.4,0.491,0.511,-0.8,,2025-12-09T10:23:04.389174+00:00,REF,,,,,,,,,,,,,,,,,,,,,,,,2025-12-09T10:24:05.133801+00:00
,Zach Zarba,CHIEF,MALE,22.0,48.0,0.667,3.5,227.2,34.4,0.508,0.491,0.6,,2025-12-09T10:23:04.389174+00:00,REF,,,,,,,,,,,,,,,,,,,,,,,,2025-12-09T10:24:05.133801+00:00
,Nick Buchert,CREW,MALE,16.0,44.0,0.591,3.7,223.4,38.7,0.496,0.505,-0.4,,2025-12-09T10:23:04.389174+00:00,REF,,,,,,,,,,,,,,,,,,,,,,,,2025-12-09T10:24:05.133801+00:00
,Tyler Ford,CREW,MALE,11.0,46.0,0.478,-1.0,234.0,39.5,0.493,0.506,-0.5,,2025-12-09T10:23:04.389174+00:00,REF,,,,,,,,,,,,,,,,,,,,,,,,2025-12-09T10:24:05.133801+00:00
,Brian Forte,CHIEF,MALE,19.0,40.0,0.65,6.0,225.3,34.1,0.491,0.508,-0.6,,2025-12-09T10:23:04.389174+00:00,REF,,,,,,,,,,,,,,,,,,,,,,,,2025-12-09T10:24:05.133801+00:00
,Derrick Collins,CHIEF,MALE,26.0,36.0,0.583,0.4,226.6,37.2,0.508,0.491,0.6,,2025-12-09T10:23:04.389174+00:00,REF,,,,,,,,,,,,,,,,,,,,,,,,2025-12-09T10:24:05.133801+00:00
,Tre Maddox,CREW,MALE,15.0,42.0,0.452,-0.6,228.1,39.4,0.494,0.506,-0.5,,2025-12-09T10:23:04.389174+00:00,REF,,,,,,,,,,,,,,,,,,,,,,,,2025-12-09T10:24:05.133801+00:00
,Kevin Cutler,CREW,MALE,16.0,41.0,0.537,2.1,226.8,35.3,0.52,0.48,1.4,,2025-12-09T10:23:04.389174+00:00,REF,,,,,,,,,,,,,,,,,,,,,,,,2025-12-09T10:24:05.133801+00:00
,Aaron Smith,CREW,MALE,10.0,21.0,0.524,1.2,230.4,38.2,0.494,0.506,-0.5,,2025-12-09T10:23:04.389174+00:00,REF,,,,,,,,,,,,,,,,,,,,,,,,2025-12-09T10:24:05.133801+00:00
,Nate Green,CREW,MALE,7.0,54.0,0.704,4.8,230.5,37.3,0.501,0.499,0.1,,2025-12-09T10:23:04.389174+00:00,REF,,,,,,,,,,,,,,,,,,,,,,,,2025-12-09T10:24:05.133801+00:00
,Brandon Schwab,CREW,MALE,5.0,47.0,0.574,-0.2,223.4,35.7,0.511,0.488,0.8,,2025-12-09T10:23:04.389174+00:00,REF,,,,,,,,,,,,,,,,,,,,,,,,2025-12-09T10:24:05.133801+00:00
,Sha'Rae Mitchell,CREW,FEMALE,4.0,42.0,0.714,7.1,229.0,38.3,0.495,0.505,-0.4,,2025-12-09T10:23:04.389174+00:00,REF,,,,,,,,,,,,,,,,,,,,,,,,2025-12-09T10:24:05.133801+00:00
,Matt Kallio,CREW,MALE,4.0,41.0,0.561,3.8,231.4,37.8,0.503,0.497,0.2,,2025-12-09T10:23:04.389174+00:00,REF,,,,,,,,,,,,,,,,,,,,,,,,2025-12-09T10:24:05.133801+00:00
,Che Flores,CREW,FEMALE,4.0,30.0,0.5,0.3,227.4,36.5,0.507,0.494,0.5,,2025-12-09T10:23:04.389174+00:00,REF,,,,,,,,,,,,,,,,,,,,,,,,2025-12-09T10:24:05.133801+00:00
,Ben Taylor,CREW,MALE,14.0,46.0,0.609,0.9,225.5,37.5,0.509,0.491,0.7,,2025-12-09T10:23:04.389174+00:00,REF,,,,,,,,,,,,,,,,,,,,,,,,2025-12-09T10:24:05.133801+00:00
,John Goble,CHIEF,MALE,18.0,38.0,0.579,2.4,226.8,39.1,0.503,0.497,0.2,,2025-12-09T10:23:04.389174+00:00,REF,,,,,,,,,,,,,,,,,,,,,,,,2025-12-09T10:24:05.133801+00:00
,Brandon Adair,CREW,MALE,8.0,42.0,0.429,-3.6,219.3,35.3,0.495,0.505,-0.3,,2025-12-09T10:23:04.389174+00:00,REF,,,,,,,,,,,,,,,,,,,,,,,,2025-12-09T10:24:05.133801+00:00
,Jonathan Sterling,CREW,MALE,8.0,48.0,0.563,0.1,225.1,38.1,0.51,0.491,0.7,,2025-12-09T10:23:04.389174+00:00,REF,,,,,,,,,,,,,,,,,,,,,,,,2025-12-09T10:24:05.133801+00:00
,JD Ralls,CREW,MALE,2.0,37.0,0.432,-3.973,229.7,38.297,0.488,0.512,-0.9,,2025-12-09T10:23:04.389174+00:00,REF,,,,,,,,,,,,,,,,,,,,,,,,2025-12-09T10:24:05.133801+00:00
,James Williams,CREW,MALE,16.0,44.0,0.568,4.6,225.5,35.0,0.502,0.497,0.2,,2025-12-09T10:23:04.389174+00:00,REF,,,,,,,,,,,,,,,,,,,,,,,,2025-12-09T10:24:05.133801+00:00
,J.T. Orr,CREW,MALE,16.0,42.0,0.643,2.5,228.4,36.0,0.49,0.511,-0.8,,2025-12-09T10:23:04.389174+00:00,REF,,,,,,,,,,,,,,,,,,,,,,,,2025-12-09T10:24:05.133801+00:00
,Robert Hussey,CREW,MALE,5.0,47.0,0.532,2.1,231.7,39.3,0.502,0.497,0.2,,2025-12-09T10:23:04.389174+00:00,REF,,,,,,,,,,,,,,,,,,,,,,,,2025-12-09T10:24:05.133801+00:00
,Suyash Mehta,CREW,MALE,6.0,45.0,0.622,7.9,231.0,37.1,0.497,0.503,-0.2,,2025-12-09T10:23:04.389174+00:00,REF,,,,,,,,,,,,,,,,,,,,,,,,2025-12-09T10:24:05.133801+00:00
,John Conley,CREW,MALE,6.0,41.0,0.439,2.6,227.7,38.7,0.508,0.492,0.6,,2025-12-09T10:23:04.389174+00:00,REF,,,,,,,,,,,,,,,,,,,,,,,,2025-12-09T10:24:05.133801+00:00
,James Capers,CHIEF,MALE,30.0,30.0,0.633,4.4,226.7,39.6,0.491,0.51,-0.8,,2025-12-09T10:23:04.389174+00:00,REF,,,,,,,,,,,,,,,,,,,,,,,,2025-12-09T10:24:05.133801+00:00
,Marat Kogut,CREW,MALE,16.0,32.0,0.594,-0.2,227.0,38.8,0.496,0.503,-0.3,,2025-12-09T10:23:04.389174+00:00,REF,,,,,,,,,,,,,,,,,,,,,,,,2025-12-09T10:24:05.133801+00:00
,Sean Wright,CHIEF,MALE,20.0,35.0,0.6,5.2,230.4,36.9,0.496,0.505,-0.3,,2025-12-09T10:23:04.389174+00:00,REF,,,,,,,,,,,,,,,,,,,,,,,,2025-12-09T10:24:05.133801+00:00
,Matt Myers,CREW,MALE,14.0,45.0,0.667,3.3,234.2,37.6,0.5,0.501,0.0,,2025-12-09T10:23:04.389174+00:00,REF,,,,,,,,,,,,,,,,,,,,,,,,2025-12-09T10:24:05.133801+00:00
,Curtis Blair,CHIEF,MALE,17.0,43.0,0.535,-0.6,227.9,37.0,0.514,0.487,1.0,,2025-12-09T10:23:04.389174+00:00,REF,,,,,,,,,,,,,,,,,,,,,,,,2025-12-09T10:24:05.133801+00:00
,Ed Malloy,CHIEF,MALE,23.0,38.0,0.658,4.7,223.5,37.4,0.523,0.478,1.7,,2025-12-09T10:23:04.389174+00:00,REF,,,,,,,,,,,,,,,,,,,,,,,,2025-12-09T10:24:05.133801+00:00
,Karl Lane,CREW,MALE,15.0,34.0,0.618,4.7,227.8,36.4,0.497,0.504,-0.3,,2025-12-09T10:23:04.389174+00:00,REF,,,,,,,,,,,,,,,,,,,,,,,,2025-12-09T10:24:05.133801+00:00
,Tom Washington,CHIEF,MALE,34.0,29.0,0.621,5.0,221.2,35.2,0.504,0.497,0.2,,2025-12-09T10:23:04.389174+00:00,REF,,,,,,,,,,,,,,,,,,,,,,,,2025-12-09T10:24:05.133801+00:00
,Brett Nansel,CREW,MALE,11.0,45.0,0.622,4.8,228.9,35.7,0.494,0.505,-0.4,,2025-12-09T10:23:04.389174+00:00,REF,,,,,,,,,,,,,,,,,,,,,,,,2025-12-09T10:24:05.133801+00:00
,Eric Dalen,CREW,MALE,17.0,31.0,0.581,3.7,221.7,35.9,0.516,0.483,1.2,,2025-12-09T10:23:04.389174+00:00,REF,,,,,,,,,,,,,,,,,,,,,,,,2025-12-09T10:24:05.133801+00:00
,Intae Hwang,CREW,MALE,3.0,43.0,0.512,0.7,228.2,37.5,0.491,0.509,-0.7,,2025-12-09T10:23:04.389174+00:00,REF,,,,,,,,,,,,,,,,,,,,,,,,2025-12-09T10:24:05.133801+00:00
,Rodney Mott,CHIEF,MALE,30.0,45.0,0.444,-1.9,228.0,36.6,0.494,0.506,-0.4,,2025-12-09T10:23:04.389174+00:00,REF,,,,,,,,,,,,,,,,,,,,,,,,2025-12-09T10:24:05.133801+00:00
,Bill Kennedy,CHIEF,MALE,30.0,29.0,0.517,-0.2,227.8,38.6,0.485,0.515,-1.1,,2025-12-09T10:23:04.389174+00:00,REF,,,,,,,,,,,,,,,,,,,,,,,,2025-12-09T10:24:05.133801+00:00
,Kevin Scott,CREW,MALE,15.0,38.0,0.447,0.6,227.7,34.9,0.494,0.507,-0.5,,2025-12-09T10:23:04.389174+00:00,REF,,,,,,,,,,,,,,,,,,,,,,,,2025-12-09T10:24:05.133801+00:00
,Josh Tiven,CHIEF,MALE,16.0,34.0,0.588,3.1,230.2,35.9,0.514,0.487,1.0,,2025-12-09T10:23:04.389174+00:00,REF,,,,,,,,,,,,,,,,,,,,,,,,2025-12-09T10:24:05.133801+00:00
,Derek Richardson,CHIEF,MALE,30.0,32.0,0.531,0.9,228.0,37.3,0.493,0.506,-0.5,,2025-12-09T10:23:04.389174+00:00,REF,,,,,,,,,,,,,,,,,,,,,,,,2025-12-09T10:24:05.133801+00:00
,JB DeRosa,CHIEF,MALE,8.0,33.0,0.667,8.0,234.5,38.4,0.496,0.504,-0.3,,2025-12-09T10:23:04.389174+00:00,REF,,,,,,,,,,,,,,,,,,,,,,,,2025-12-09T10:24:05.133801+00:00
,Tyler Ricks,CREW,MALE,4.0,27.0,0.333,-1.3,225.9,36.5,0.496,0.503,-0.3,,2025-12-09T10:23:04.389174+00:00,REF,,,,,,,,,,,,,,,,,,,,,,,,2025-12-09T10:24:05.133801+00:00
,Pat Fraher,CHIEF,MALE,30.0,43.0,0.419,-0.2,227.8,38.7,0.501,0.5,0.0,,2025-12-09T10:23:04.389174+00:00,REF,,,,,,,,,,,,,,,,,,,,,,,,2025-12-09T10:24:05.133801+00:00
,Dedric Taylor,CREW,MALE,12.0,17.0,0.706,6.2,219.0,39.5,0.497,0.502,-0.2,,2025-12-09T10:23:04.389174+00:00,REF,,,,,,,,,,,,,,,,,,,,,,,,2025-12-09T10:24:05.133801+00:00
,Michael Smith,CHIEF,MALE,32.0,32.0,0.656,6.8,226.3,38.4,0.507,0.492,0.6,,2025-12-09T10:23:04.389174+00:00,REF,,,,,,,,,,,,,,,,,,,,,,,,2025-12-09T10:24:05.133801+00:00
,Pat Fraher,CREW,MALE,30.0,22.0,0.5,-1.9,224.8,38.4,0.483,0.516,-1.3,,2025-12-09T10:23:04.389174+00:00,REF,,,,,,,,,,,,,,,,,,,,,,,,2025-12-09T10:24:05.133801+00:00
,Kevin Scott,CHIEF,MALE,15.0,21.0,0.286,-2.3,231.9,36.0,0.503,0.497,0.2,,2025-12-09T10:23:04.389174+00:00,REF,,,,,,,,,,,,,,,,,,,,,,,,2025-12-09T10:24:05.133801+00:00
,Ed Malloy,CREW,MALE,23.0,23.0,0.609,2.7,227.2,36.3,0.508,0.492,0.6,,2025-12-09T10:23:04.389174+00:00,REF,,,,,,,,,,,,,,,,,,,,,,,,2025-12-09T10:24:05.133801+00:00
,Josh Tiven,CREW,MALE,16.0,31.0,0.548,3.0,228.7,35.1,0.496,0.503,-0.2,,2025-12-09T10:23:04.389174+00:00,REF,,,,,,,,,,,,,,,,,,,,,,,,2025-12-09T10:24:05.133801+00:00
,James Williams,CHIEF,MALE,16.0,19.0,0.474,1.1,223.2,37.7,0.493,0.508,-0.6,,2025-12-09T10:23:04.389174+00:00,REF,,,,,,,,,,,,,,,,,,,,,,,,2025-12-09T10:24:05.133801+00:00
,Ben Taylor,CHIEF,MALE,14.0,17.0,0.706,3.4,226.5,37.5,0.524,0.477,1.8,,2025-12-09T10:23:04.389174+00:00,REF,,,,,,,,,,,,,,,,,,,,,,,,2025-12-09T10:24:05.133801+00:00
,Marat Kogut,CHIEF,MALE,16.0,31.0,0.581,4.7,226.0,35.3,0.5,0.499,0.0,,2025-12-09T10:23:04.389174+00:00,REF,,,,,,,,,,,,,,,,,,,,,,,,2025-12-09T10:24:05.133801+00:00
,Karl Lane,CHIEF,MALE,15.0,25.0,0.4,-2.7,225.5,37.7,0.475,0.524,-1.8,,2025-12-09T10:23:04.389174+00:00,REF,,,,,,,,,,,,,,,,,,,,,,,,2025-12-09T10:24:05.133801+00:00
,Nick Buchert,CHIEF,MALE,16.0,22.0,0.682,4.2,230.2,39.4,0.482,0.518,-1.4,,2025-12-09T10:23:04.389174+00:00,REF,,,,,,,,,,,,,,,,,,,,,,,,2025-12-09T10:24:05.133801+00:00
,Matt Boland,CHIEF,MALE,26.0,21.0,0.476,-0.1,230.6,35.7,0.508,0.491,0.6,,2025-12-09T10:23:04.389174+00:00,REF,,,,,,,,,,,,,,,,,,,,,,,,2025-12-09T10:24:05.133801+00:00
,Ashley Moyer-Gleich,CREW,FEMALE,7.0,9.0,0.556,-3.2,223.4,37.2,0.502,0.499,0.1,,2025-12-09T10:23:04.389174+00:00,REF,,,,,,,,,,,,,,,,,,,,,,,,2025-12-09T10:24:05.133801+00:00
,Curtis Blair,CREW,MALE,17.0,18.0,0.611,2.1,229.9,37.1,0.476,0.524,-1.8,,2025-12-09T10:23:04.389174+00:00,REF,,,,,,,,,,,,,,,,,,,,,,,,2025-12-09T10:24:05.133801+00:00
,Brian Forte,CREW,MALE,19.0,25.0,0.68,3.8,231.9,39.3,0.513,0.488,1.0,,2025-12-09T10:23:04.389174+00:00,REF,,,,,,,,,,,,,,,,,,,,,,,,2025-12-09T10:24:05.133801+00:00
,Kevin Cutler,CHIEF,MALE,16.0,21.0,0.429,0.1,236.5,37.5,0.504,0.497,0.3,,2025-12-09T10:23:04.389174+00:00,REF,,,,,,,,,,,,,,,,,,,,,,,,2025-12-09T10:24:05.133801+00:00
,Tyler Ford,CHIEF,MALE,11.0,20.0,0.5,-2.4,227.4,37.7,0.484,0.515,-1.2,,2025-12-09T10:23:04.389174+00:00,REF,,,,,,,,,,,,,,,,,,,,,,,,2025-12-09T10:24:05.133801+00:00
,Eric Dalen,CHIEF,MALE,17.0,15.0,0.667,2.6,226.2,35.4,0.501,0.499,0.1,,2025-12-09T10:23:04.389174+00:00,REF,,,,,,,,,,,,,,,,,,,,,,,,2025-12-09T10:24:05.133801+00:00
,J.T. Orr,CHIEF,MALE,16.0,16.0,0.625,0.8,231.4,39.1,0.513,0.488,1.0,,2025-12-09T10:23:04.389174+00:00,REF,,,,,,,,,,,,,,,,,,,,,,,,2025-12-09T10:24:05.133801+00:00
,Matt Boland,CREW,MALE,26.0,16.0,0.438,-3.5,225.6,37.3,0.513,0.486,1.0,,2025-12-09T10:23:04.389174+00:00,REF,,,,,,,,,,,,,,,,,,,,,,,,2025-12-09T10:24:05.133801+00:00
,Courtney Kirkland,CREW,MALE,26.0,16.0,0.25,-7.8,227.4,36.9,0.522,0.478,1.6,,2025-12-09T10:23:04.389174+00:00,REF,,,,,,,,,,,,,,,,,,,,,,,,2025-12-09T10:24:05.133801+00:00
,Sean Wright,CREW,MALE,20.0,13.0,0.538,3.2,229.5,37.2,0.505,0.496,0.3,,2025-12-09T10:23:04.389174+00:00,REF,,,,,,,,,,,,,,,,,,,,,,,,2025-12-09T10:24:05.133801+00:00
,John Goble,CREW,MALE,18.0,19.0,0.421,-3.1,232.7,37.6,0.525,0.475,1.9,,2025-12-09T10:23:04.389174+00:00,REF,,,,,,,,,,,,,,,,,,,,,,,,2025-12-09T10:24:05.133801+00:00
,Mark Lindsay,CREW,MALE,18.0,20.0,0.45,-1.4,236.0,38.9,0.495,0.504,-0.4,,2025-12-09T10:23:04.389174+00:00,REF,,,,,,,,,,,,,,,,,,,,,,,,2025-12-09T10:24:05.133801+00:00
,Jenna Reneau,CREW,MALE,4.0,6.0,0.5,-5.8,225.8,36.7,0.49,0.509,-0.7,,2025-12-09T10:23:04.389174+00:00,REF,,,,,,,,,,,,,,,,,,,,,,,,2025-12-09T10:24:05.133801+00:00
,Pat O'Connell,CREW,MALE,4.0,6.0,0.667,7.7,218.3,39.7,0.521,0.479,1.7,,2025-12-09T10:23:04.389174+00:00,REF,,,,,,,,,,,,,,,,,,,,,,,,2025-12-09T10:24:05.133801+00:00
,Zach Zarba,CREW,MALE,22.0,12.0,0.417,-2.4,226.3,35.7,0.5,0.5,0.0,,2025-12-09T10:23:04.389174+00:00,REF,,,,,,,,,,,,,,,,,,,,,,,,2025-12-09T10:24:05.133801+00:00
,Mitchell Ervin,CHIEF,MALE,11.0,9.0,0.333,-3.7,227.2,37.4,0.523,0.478,1.7,,2025-12-09T10:23:04.389174+00:00,REF,,,,,,,,,,,,,,,,,,,,,,,,2025-12-09T10:24:05.133801+00:00
,Brent Barnaky,CHIEF,MALE,16.0,19.0,0.474,0.3,222.3,36.2,0.494,0.506,-0.4,,2025-12-09T10:23:04.389174+00:00,REF,,,,,,,,,,,,,,,,,,,,,,,,2025-12-09T10:24:05.133801+00:00
,Bill Kennedy,CREW,MALE,30.0,13.0,0.769,12.1,227.9,35.7,0.504,0.496,0.3,,2025-12-09T10:23:04.389174+00:00,REF,,,,,,,,,,,,,,,,,,,,,,,,2025-12-09T10:24:05.133801+00:00
,Brent Haskill,CREW,MALE,4.0,5.0,0.6,2.0,228.8,39.0,0.492,0.508,-0.6,,2025-12-09T10:23:04.389174+00:00,REF,,,,,,,,,,,,,,,,,,,,,,,,2025-12-09T10:24:05.133801+00:00
,Matt Myers,CHIEF,MALE,14.0,8.0,0.75,8.5,225.3,42.3,0.491,0.508,-0.8,,2025-12-09T10:23:04.389174+00:00,REF,,,,,,,,,,,,,,,,,,,,,,,,2025-12-09T10:24:05.133801+00:00
,David Guthrie,CHIEF,MALE,20.0,29.0,0.483,-2.3,223.7,34.7,0.532,0.467,2.2,,2025-12-09T10:23:04.389174+00:00,REF,,,,,,,,,,,,,,,,,,,,,,,,2025-12-09T10:24:05.133801+00:00
,Tom Washington,CREW,MALE,34.0,12.0,0.667,7.7,224.3,33.2,0.515,0.484,1.0,,2025-12-09T10:23:04.389174+00:00,REF,,,,,,,,,,,,,,,,,,,,,,,,2025-12-09T10:24:05.133801+00:00
,Michael Smith,CREW,MALE,32.0,6.0,0.333,-8.5,233.2,38.0,0.478,0.522,-1.7,,2025-12-09T10:23:04.389174+00:00,REF,,,,,,,,,,,,,,,,,,,,,,,,2025-12-09T10:24:05.133801+00:00
,Tyler Mirkovich,CREW,MALE,4.0,4.0,0.5,9.8,213.8,43.5,0.511,0.489,1.0,,2025-12-09T10:23:04.389174+00:00,REF,,,,,,,,,,,,,,,,,,,,,,,,2025-12-09T10:24:05.133801+00:00
,Tre Maddox,CHIEF,MALE,15.0,14.0,0.429,3.7,230.0,35.4,0.51,0.488,0.8,,2025-12-09T10:23:04.389174+00:00,REF,,,,,,,,,,,,,,,,,,,,,,,,2025-12-09T10:24:05.133801+00:00
,Justin Van Duyne,CHIEF,MALE,12.0,4.0,0.5,3.0,227.0,40.8,0.521,0.478,1.8,,2025-12-09T10:23:04.389174+00:00,REF,,,,,,,,,,,,,,,,,,,,,,,,2025-12-09T10:24:05.133801+00:00
,Brett Nansel,CHIEF,MALE,11.0,7.0,0.286,-5.1,231.1,33.3,0.48,0.519,-1.3,,2025-12-09T10:23:04.389174+00:00,REF,,,,,,,,,,,,,,,,,,,,,,,,2025-12-09T10:24:05.133801+00:00
,Derrick Collins,CREW,MALE,26.0,6.0,0.667,9.7,229.7,35.5,0.451,0.549,-3.5,,2025-12-09T10:23:04.389174+00:00,REF,,,,,,,,,,,,,,,,,,,,,,,,2025-12-09T10:24:05.133801+00:00
,JB DeRosa,CREW,MALE,8.0,3.0,0.667,-0.3,230.3,46.3,0.518,0.482,1.7,,2025-12-09T10:23:04.389174+00:00,REF,,,,,,,,,,,,,,,,,,,,,,,,2025-12-09T10:24:05.133801+00:00
,David Guthrie,CREW,MALE,20.0,7.0,1.0,11.0,226.4,40.0,0.511,0.489,0.9,,2025-12-09T10:23:04.389174+00:00,REF,,,,,,,,,,,,,,,,,,,,,,,,2025-12-09T10:24:05.133801+00:00
,Scott Twardoski,CHIEF,MALE,16.0,4.0,0.25,-2.3,223.8,39.5,0.494,0.506,-0.5,,2025-12-09T10:23:04.389174+00:00,REF,,,,,,,,,,,,,,,,,,,,,,,,2025-12-09T10:24:05.133801+00:00
,Derek Richardson,CREW,MALE,30.0,8.0,0.75,9.1,221.9,37.1,0.505,0.495,0.4,,2025-12-09T10:23:04.389174+00:00,REF,,,,,,,,,,,,,,,,,,,,,,,,2025-12-09T10:24:05.133801+00:00
,CJ Washington,CHIEF,MALE,11.0,7.0,0.143,-6.1,230.1,35.0,0.473,0.527,-1.9,,2025-12-09T10:23:04.389174+00:00,REF,,,,,,,,,,,,,,,,,,,,,,,,2025-12-09T10:24:05.133801+00:00
,Rodney Mott,CREW,MALE,30.0,5.0,0.6,7.6,216.0,40.0,0.505,0.495,0.4,,2025-12-09T10:23:04.389174+00:00,REF,,,,,,,,,,,,,,,,,,,,,,,,2025-12-09T10:24:05.133801+00:00
,Gediminas Petraitis,CHIEF,MALE,11.0,5.0,0.4,1.8,229.8,35.0,0.514,0.486,1.0,,2025-12-09T10:23:04.389174+00:00,REF,,,,,,,,,,,,,,,,,,,,,,,,2025-12-09T10:24:05.133801+00:00
,Biniam Maru,CREW,MALE,2.0,2.0,0.5,3.5,246.5,31.5,0.492,0.508,-0.5,,2025-12-09T10:23:04.389174+00:00,REF,,,,,,,,,,,,,,,,,,,,,,,,2025-12-09T10:24:05.133801+00:00
,Scott Foster,CREW,MALE,31.0,2.0,0.5,-1.5,230.5,40.5,0.519,0.481,1.5,,2025-12-09T10:23:04.389174+00:00,REF,,,,,,,,,,,,,,,,,,,,,,,,2025-12-09T10:24:05.133801+00:00
,Sean Corbin,CREW,MALE,32.0,3.0,0.333,-8.0,231.3,34.7,0.461,0.538,-2.7,,2025-12-09T10:23:04.389174+00:00,REF,,,,,,,,,,,,,,,,,,,,,,,,2025-12-09T10:24:05.133801+00:00
,Dedric Taylor,CHIEF,MALE,12.0,2.0,0.0,-25.5,256.5,41.0,0.537,0.463,3.0,,2025-12-09T10:23:04.389174+00:00,REF,,,,,,,,,,,,,,,,,,,,,,,,2025-12-09T10:24:05.133801+00:00
,Agon Abazi,CREW,FEMALE,1.0,2.0,0.0,-9.0,205.0,42.5,0.541,0.459,3.5,,2025-12-09T10:23:04.389174+00:00,REF,,,,,,,,,,,,,,,,,,,,,,,,2025-12-09T10:24:05.133801+00:00
,Marc Davis,CREW,MALE,27.0,6.0,1.0,16.7,227.3,29.7,0.483,0.516,-1.0,,2025-12-09T10:23:04.389174+00:00,REF,,,,,,,,,,,,,,,,,,,,,,,,2025-12-09T10:24:05.133801+00:00
,Leon Wood,CHIEF,MALE,30.0,1.0,0.0,-6.0,232.0,32.0,0.406,0.594,-6.0,,2025-12-09T10:23:04.389174+00:00,REF,,,,,,,,,,,,,,,,,,,,,,,,2025-12-09T10:24:05.133801+00:00
,Che Flores,CHIEF,FEMALE,4.0,1.0,1.0,2.0,240.0,42.0,0.5,0.5,0.0,,2025-12-09T10:23:04.389174+00:00,REF,,,,,,,,,,,,,,,,,,,,,,,,2025-12-09T10:24:05.133801+00:00
,,,,,,,,,,,,,,2025-12-09T10:23:08.741970+00:00,INJURY,Jacob Toppin,F,Oct 1,Out,Dec 8: The Hawks announced that Toppin underwent season-ending shoulder surgery Monday.,,,,,,,,,,,,,,,,,,,2025-12-09T10:24:05.133801+00:00
,,,,,,,,,,,,,,2025-12-09T10:23:08.741970+00:00,INJURY,Nikola Durisic,F,Dec 9,Out,Dec 7: Atlanta assigned Durisic (elbow) to the G League's College Park Skyhawks on Friday.,,,,,,,,,,,,,,,,,,,2025-12-09T10:24:05.133801+00:00
,,,,,,,,,,,,,,2025-12-09T10:23:08.741970+00:00,INJURY,Kristaps Porzingis,C,Dec 12,Day-To-Day,"Dec 7: Porzingis (rest) won't suit up for Saturday's game versus the Wizards, Brad Rowland of the Locked On Podcast Network reports.",,,,,,,,,,,,,,,,,,,2025-12-09T10:24:05.133801+00:00
,,,,,,,,,,,,,,2025-12-09T10:23:08.741970+00:00,INJURY,N'Faly Dante,C,Dec 12,Out,"Dec 6: Dante (concussion) will remain on the inactive list for Saturday's game versus Washington, Brad Rowland of the Locked On Podcast Network reports.",,,,,,,,,,,,,,,,,,,2025-12-09T10:24:05.133801+00:00
,,,,,,,,,,,,,,2025-12-09T10:23:08.741970+00:00,INJURY,Trae Young,G,Dec 12,Out,"Dec 6: Young (knee) has been ruled out for Saturday's game against the Wizards and remains out indefinitely, Brad Rowland of the Locked On Podcast Network reports.",,,,,,,,,,,,,,,,,,,2025-12-09T10:24:05.133801+00:00
,,,,,,,,,,,,,,2025-12-09T10:23:08.741970+00:00,INJURY,Jayson Tatum,F,Apr 1,Out,"Oct 9: The Celtics have not ruled Tatum (Achilles) out for the 2025-26 season, ESPN's Shams Charania reported on the Pat McAfee Show on Thursday.",,,,,,,,,,,,,,,,,,,2025-12-09T10:24:05.133801+00:00
,,,,,,,,,,,,,,2025-12-09T10:23:08.741970+00:00,INJURY,Cam Thomas,G,Dec 14,Out,"Dec 6: Thomas (hamstring) has been cleared for on-court work and will be re-evaluated in two weeks, Ian Begley of SportsNet New York reports.",,,,,,,,,,,,,,,,,,,2025-12-09T10:24:05.133801+00:00
,,,,,,,,,,,,,,2025-12-09T10:23:08.741970+00:00,INJURY,Haywood Highsmith,F,Dec 18,Out,"Oct 19: Highsmith (knee) experienced swelling during rehab and will re-evaluated in eight weeks, Brett Siegel of ClutchPoints.com reports.",,,,,,,,,,,,,,,,,,,2025-12-09T10:24:05.133801+00:00
,,,,,,,,,,,,,,2025-12-09T10:23:08.741970+00:00,INJURY,LaMelo Ball,G,Dec 12,Day-To-Day,Dec 8: Ball (ankle) will not play Sunday against the Nuggets.,,,,,,,,,,,,,,,,,,,2025-12-09T10:24:05.133801+00:00
,,,,,,,,,,,,,,2025-12-09T10:23:08.741970+00:00,INJURY,Moussa Diabate,F,Dec 12,Day-To-Day,"Dec 8: Diabate (knee) has been ruled out for Sunday's game against the Nuggets, Roderick Boone of The Charlotte Observer reports.",,,,,,,,,,,,,,,,,,,2025-12-09T10:24:05.133801+00:00
,,,,,,,,,,,,,,2025-12-09T10:23:08.741970+00:00,INJURY,Grant Williams,F,Dec 12,Out,Dec 6: Williams (knee) has been ruled out for Sunday's game against the Nuggets.,,,,,,,,,,,,,,,,,,,2025-12-09T10:24:05.133801+00:00
,,,,,,,,,,,,,,2025-12-09T10:23:08.741970+00:00,INJURY,Josh Green,G,Dec 12,Out,Dec 6: Green (shoulder) will not play Sunday against Denver.,,,,,,,,,,,,,,,,,,,2025-12-09T10:24:05.133801+00:00
,,,,,,,,,,,,,,2025-12-09T10:23:08.741970+00:00,INJURY,Pat Connaughton,G,Dec 12,Out,Dec 6: Connaughton (calf) will not play Sunday against Denver.,,,,,,,,,,,,,,,,,,,2025-12-09T10:24:05.133801+00:00
,,,,,,,,,,,,,,2025-12-09T10:23:08.741970+00:00,INJURY,Tre Mann,G,Dec 12,Out,Dec 6: Mann (knee) will not play Sunday against the Nuggets.,,,,,,,,,,,,,,,,,,,2025-12-09T10:24:05.133801+00:00
,,,,,,,,,,,,,,2025-12-09T10:23:08.741970+00:00,INJURY,Collin Sexton,G,Dec 12,Out,Dec 6: Sexton (thigh) will not play Sunday against the Nuggets.,,,,,,,,,,,,,,,,,,,2025-12-09T10:24:05.133801+00:00
,,,,,,,,,,,,,,2025-12-09T10:23:08.741970+00:00,INJURY,Ayo Dosunmu,G,Dec 12,Day-To-Day,"Dec 8: Dosunmu missed practice Monday due to his sprained thumb, K.C. Johnson of Chicago Sports Network reports.",,,,,,,,,,,,,,,,,,,2025-12-09T10:24:05.133801+00:00
,,,,,,,,,,,,,,2025-12-09T10:23:08.741970+00:00,INJURY,Jalen Smith,F,Dec 12,Out,"Dec 7: Smith (hamstring) has been ruled out for Sunday's game against the Warriors, K.C. Johnson of Chicago Sports Network reports.",,,,,,,,,,,,,,,,,,,2025-12-09T10:24:05.133801+00:00
,,,,,,,,,,,,,,2025-12-09T10:23:08.741970+00:00,INJURY,Tre Jones,G,Dec 12,Out,"Dec 7: Jones (ankle) will remain on the inactive list for Sunday's game versus the Warriors, K.C. Johnson of Chicago Sports Network reports.",,,,,,,,,,,,,,,,,,,2025-12-09T10:24:05.133801+00:00
,,,,,,,,,,,,,,2025-12-09T10:23:08.741970+00:00,INJURY,Isaac Okoro,F,Dec 12,Out,"Dec 7: Okoro (back) is out for Sunday's game against the Warriors, K.C. Johnson of Chicago Sports Network reports.",,,,,,,,,,,,,,,,,,,2025-12-09T10:24:05.133801+00:00
,,,,,,,,,,,,,,2025-12-09T10:23:08.741970+00:00,INJURY,Kevin Huerter,G,Dec 12,Out,"Dec 3: Huerter (hamstring) will miss at least one week of action before he's re-evaluated, Will Gottlieb of AllCHGO.com reports.",,,,,,,,,,,,,,,,,,,2025-12-09T10:24:05.133801+00:00
,,,,,,,,,,,,,,2025-12-09T10:23:08.741970+00:00,INJURY,Noa Essengue,F,Oct 1,Out,"Dec 3: Essengue will undergo left shoulder surgery and will miss the remainder of the 2025-26 season, K.C. Johnson of Chicago Sports Network reports.",,,,,,,,,,,,,,,,,,,2025-12-09T10:24:05.133801+00:00
,,,,,,,,,,,,,,2025-12-09T10:23:08.741970+00:00,INJURY,Lonzo Ball,G,Dec 12,Day-To-Day,Dec 7: Ball (knee/rest) has been ruled out for Saturday's game against the Warriors.,,,,,,,,,,,,,,,,,,,2025-12-09T10:24:05.133801+00:00
,,,,,,,,,,,,,,2025-12-09T10:23:08.741970+00:00,INJURY,Tyrese Proctor,G,Dec 12,Out,Dec 6: Proctor (personal) won't suit up for Saturday's game versus the Warriors.,,,,,,,,,,,,,,,,,,,2025-12-09T10:24:05.133801+00:00
,,,,,,,,,,,,,,2025-12-09T10:23:08.741970+00:00,INJURY,Sam Merrill,G,Dec 12,Out,Dec 6: Merrill (hand) has been ruled out for Saturday's game against the Warriors.,,,,,,,,,,,,,,,,,,,2025-12-09T10:24:05.133801+00:00
,,,,,,,,,,,,,,2025-12-09T10:23:08.741970+00:00,INJURY,Max Strus,G,Dec 12,Out,Dec 2: Strus (foot) has been ruled out for Wednesday's game against the Trail Blazers.,,,,,,,,,,,,,,,,,,,2025-12-09T10:24:05.133801+00:00
,,,,,,,,,,,,,,2025-12-09T10:23:08.741970+00:00,INJURY,Jarrett Allen,C,Dec 12,Out,Nov 30: The Cavaliers announced Sunday that Allen (finger) is expected to miss at least one week.,,,,,,,,,,,,,,,,,,,2025-12-09T10:24:05.133801+00:00
,,,,,,,,,,,,,,2025-12-09T10:23:08.741970+00:00,INJURY,Larry Nance Jr.,F,Dec 22,Out,Nov 30: An MRI revealed a Grade 1 soleus strain in Nance's right calf and he is expected to miss the next 3-4 weeks of action.,,,,,,,,,,,,,,,,,,,2025-12-09T10:24:05.133801+00:00
,,,,,,,,,,,,,,2025-12-09T10:23:08.741970+00:00,INJURY,Daniel Gafford,F,Dec 12,Out,"Dec 7: Gafford (ankle) will not play Saturday against the Rockets, Grant Afseth of DallasHoopsJournal.com reports.",,,,,,,,,,,,,,,,,,,2025-12-09T10:24:05.133801+00:00
,,,,,,,,,,,,,,2025-12-09T10:23:08.741970+00:00,INJURY,Klay Thompson,G,Dec 12,Day-To-Day,"Dec 7: Thompson (knee) has been ruled out for Saturday's game against the Rockets, Grant Afseth of DallasHoopsJournal.com reports.",,,,,,,,,,,,,,,,,,,2025-12-09T10:24:05.133801+00:00
,,,,,,,,,,,,,,2025-12-09T10:23:08.741970+00:00,INJURY,Dereck Lively II,C,Dec 12,Out,"Dec 4: The Mavericks announced Thursday that Lively (foot) has no timetable for a return, Brett Siegel of ClutchPoints.com reports.",,,,,,,,,,,,,,,,,,,2025-12-09T10:24:05.133801+00:00
,,,,,,,,,,,,,,2025-12-09T10:23:08.741970+00:00,INJURY,Dante Exum,G,Oct 1,Out,Nov 20: The Mavericks announced Thursday that Exum will undergo season-ending knee surgery.,,,,,,,,,,,,,,,,,,,2025-12-09T10:24:05.133801+00:00
,,,,,,,,,,,,,,2025-12-09T10:23:08.741970+00:00,INJURY,Kyrie Irving,G,Jan 1,Out,"Sep 29: At Media Day on Monday, Mavericks head coach Jason Kidd refuted the report that Irving (knee) is ahead of schedule in his recovery, Christian Clark reports.",,,,,,,,,,,,,,,,,,,2025-12-09T10:24:05.133801+00:00
,,,,,,,,,,,,,,2025-12-09T10:23:08.741970+00:00,INJURY,Julian Strawther,G,Dec 11,Out,"Dec 1: Strawther (back) remains without a timetable to return, Ryan Blackburn of MileHighSports.com reports.",,,,,,,,,,,,,,,,,,,2025-12-09T10:24:05.133801+00:00
,,,,,,,,,,,,,,2025-12-09T10:23:08.741970+00:00,INJURY,Aaron Gordon,F,Jan 2,Out,"Nov 23: Gordon (hamstring) will be re-evaluated in four to six weeks, Shams Charania of ESPN reports.",,,,,,,,,,,,,,,,,,,2025-12-09T10:24:05.133801+00:00
,,,,,,,,,,,,,,2025-12-09T10:23:08.741970+00:00,INJURY,Christian Braun,G,Jan 9,Out,"Nov 14: Christian Braun (ankle) will be re-evaluated in six weeks after suffering a left ankle sprain during Wednesday's win over the Clippers, Shams Charania of ESPN reports.",,,,,,,,,,,,,,,,,,,2025-12-09T10:24:05.133801+00:00
,,,,,,,,,,,,,,2025-12-09T10:23:08.741970+00:00,INJURY,Bobi Klintman,F,Dec 12,Out,Dec 8: Detroit assigned Klintman (ankle) to the G League's Motor City Cruise on Sunday.,,,,,,,,,,,,,,,,,,,2025-12-09T10:24:05.133801+00:00
,,,,,,,,,,,,,,2025-12-09T10:23:08.741970+00:00,INJURY,Tobias Harris,F,Dec 12,Day-To-Day,Dec 7: Harris (ankle) will not play Saturday against the Bucks.,,,,,,,,,,,,,,,,,,,2025-12-09T10:24:05.133801+00:00
,,,,,,,,,,,,,,2025-12-09T10:23:08.741970+00:00,INJURY,Al Horford,C,Dec 12,Day-To-Day,Dec 7: Horford (back) has been ruled out for Sunday's game against the Bulls.,,,,,,,,,,,,,,,,,,,2025-12-09T10:24:05.133801+00:00
,,,,,,,,,,,,,,2025-12-09T10:23:08.741970+00:00,INJURY,Stephen Curry,G,Dec 12,Out,"Dec 7: Curry (quadriceps) is making good progress and has started individual workouts, Brett Siegel of ClutchPoints.com reports.",,,,,,,,,,,,,,,,,,,2025-12-09T10:24:05.133801+00:00
,,,,,,,,,,,,,,2025-12-09T10:23:08.741970+00:00,INJURY,Draymond Green,F,Dec 12,Out,Dec 7: Green (foot) has been ruled out for Sunday's game against the Bulls.,,,,,,,,,,,,,,,,,,,2025-12-09T10:24:05.133801+00:00
,,,,,,,,,,,,,,2025-12-09T10:23:08.741970+00:00,INJURY,Steven Adams,C,Dec 11,Day-To-Day,Dec 7: Adams is out for Saturday's game in Dallas due to right ankle tendinopathy.,,,,,,,,,,,,,,,,,,,2025-12-09T10:24:05.133801+00:00
,,,,,,,,,,,,,,2025-12-09T10:23:08.741970+00:00,INJURY,Alperen Sengun,C,Dec 11,Out,"Dec 6: Sengun (illness) has been ruled out for Saturday's game against Dallas, Vanessa Richardson of Space City Home Network reports.",,,,,,,,,,,,,,,,,,,2025-12-09T10:24:05.133801+00:00
,,,,,,,,,,,,,,2025-12-09T10:23:08.741970+00:00,INJURY,Tari Eason,F,Dec 20,Out,"Dec 3: Eason (oblique) is targeting a late December return, Michael Shapiro of SI.com reports.",,,,,,,,,,,,,,,,,,,2025-12-09T10:24:05.133801+00:00
,,,,,,,,,,,,,,2025-12-09T10:23:08.741970+00:00,INJURY,Dorian Finney-Smith,F,Jan 1,Out,"Dec 3: The Rockets are eyeing January for Finney-Smith (ankle) to make his season debut, Michael Shapiro of SI.com reports.",,,,,,,,,,,,,,,,,,,2025-12-09T10:24:05.133801+00:00
,,,,,,,,,,,,,,2025-12-09T10:23:08.741970+00:00,INJURY,Fred VanVleet,G,Jun 1,Out,"Sep 22: VanVleet suffered a torn ACL and may be out for the entire 2025-26 campaign, Shams Charania of ESPN reports.",,,,,,,,,,,,,,,,,,,2025-12-09T10:24:05.133801+00:00
,,,,,,,,,,,,,,2025-12-09T10:23:08.741970+00:00,INJURY,Ben Sheppard,G,Dec 20,Out,"Dec 8: Sheppard has a Grade 1 left calf strain and will miss at least 10 more days, Tony East of Forbes.com reports.",,,,,,,,,,,,,,,,,,,2025-12-09T10:24:05.133801+00:00
,,,,,,,,,,,,,,2025-12-09T10:23:08.741970+00:00,INJURY,Quenton Jackson,G,Dec 12,Out,Dec 7: Jackson (hamstring) has been ruled out for Monday's game against the Kings.,,,,,,,,,,,,,,,,,,,2025-12-09T10:24:05.133801+00:00
,,,,,,,,,,,,,,2025-12-09T10:23:08.741970+00:00,INJURY,Kam Jones,G,Dec 12,Out,"Dec 7: Head coach Rick Carlisle said Jones (back) participated in non-contact work Sunday and is expected to return ""sooner than later,"" Dustin Dopirak of The Indianapolis Star reports.",,,,,,,,,,,,,,,,,,,2025-12-09T10:24:05.133801+00:00
,,,,,,,,,,,,,,2025-12-09T10:23:08.741970+00:00,INJURY,Aaron Nesmith,G,Dec 18,Out,"Nov 15: Nesmith (knee) is expected to be out for around four weeks, Dustin Dopirak of The Indianapolis Star reports.",,,,,,,,,,,,,,,,,,,2025-12-09T10:24:05.133801+00:00
,,,,,,,,,,,,,,2025-12-09T10:23:08.741970+00:00,INJURY,Obi Toppin,F,Feb 2,Out,"Oct 31: Toppin will undergo surgery to place a screw in his right foot Monday, Dustin Dopirak of The Indianapolis Star reports.",,,,,,,,,,,,,,,,,,,2025-12-09T10:24:05.133801+00:00
,,,,,,,,,,,,,,2025-12-09T10:23:08.741970+00:00,INJURY,Tyrese Haliburton,G,Oct 1,Out,"Jul 7: Haliburton will miss the entire 2025-26 season while recovering from surgery on his right Achilles tendon, Shams Charania of ESPN reports.",,,,,,,,,,,,,,,,,,,2025-12-09T10:24:05.133801+00:00
,,,,,,,,,,,,,,2025-12-09T10:23:08.741970+00:00,INJURY,Jordan Miller,G,Dec 11,Out,"Dec 6: Miller (back) will remain on the inactive list for Saturday's game against the Timberwolves, Law Murray of The Athletic reports.",,,,,,,,,,,,,,,,,,,2025-12-09T10:24:05.133801+00:00
,,,,,,,,,,,,,,2025-12-09T10:23:08.741970+00:00,INJURY,Derrick Jones Jr.,F,Dec 30,Out,"Nov 17: Jones sustained a sprained MCL in his right knee and will be re-evaluated in six weeks, Shams Charania of ESPN reports.",,,,,,,,,,,,,,,,,,,2025-12-09T10:24:05.133801+00:00
,,,,,,,,,,,,,,2025-12-09T10:23:08.741970+00:00,INJURY,Bradley Beal,G,Oct 1,Out,"Nov 12: Beal will undergo season-ending surgery on his left hip, ESPN's Shams Charania reports.",,,,,,,,,,,,,,,,,,,2025-12-09T10:24:05.133801+00:00
,,,,,,,,,,,,,,2025-12-09T10:23:08.741970+00:00,INJURY,Marcus Smart,G,Dec 10,Out,"Dec 7: Head coach JJ Redick noted that while Smart (back) remains day-to-day, the team hopes to have him back for Wednesday's game against the Spurs, Thuc Nhi Nguyen of the Los Angeles Times reports.",,,,,,,,,,,,,,,,,,,2025-12-09T10:24:05.133801+00:00
,,,,,,,,,,,,,,2025-12-09T10:23:08.741970+00:00,INJURY,Ja Morant,G,Dec 12,Out,Dec 7: Morant (calf) has been ruled out for Sunday's game against the Trail Blazers.,,,,,,,,,,,,,,,,,,,2025-12-09T10:24:05.133801+00:00
,,,,,,,,,,,,,,2025-12-09T10:23:08.741970+00:00,INJURY,Javon Small,G,Dec 12,Out,Dec 6: Small (toe) has been ruled out for Sunday's game against Portland.,,,,,,,,,,,,,,,,,,,2025-12-09T10:24:05.133801+00:00
,,,,,,,,,,,,,,2025-12-09T10:23:08.741970+00:00,INJURY,Ty Jerome,G,Jan 15,Out,Nov 22: Jerome (calf) will be held out of games for at least 6-to-9 weeks.,,,,,,,,,,,,,,,,,,,2025-12-09T10:24:05.133801+00:00
,,,,,,,,,,,,,,2025-12-09T10:23:08.741970+00:00,INJURY,Brandon Clarke,F,Dec 30,Out,"Nov 11: The Grizzlies announced Tuesday that Clarke (knee) is progressing well, but he will be sidelined for another six-to-nine weeks.",,,,,,,,,,,,,,,,,,,2025-12-09T10:24:05.133801+00:00
,,,,,,,,,,,,,,2025-12-09T10:23:08.741970+00:00,INJURY,Scotty Pippen Jr.,G,Jan 15,Out,"Oct 18: Pippen will undergo a procedure for a left big toe injury and will be re-evaluated in 12 weeks, ESPN's Shams Charania reported Saturday.",,,,,,,,,,,,,,,,,,,2025-12-09T10:24:05.133801+00:00
,,,,,,,,,,,,,,2025-12-09T10:23:08.741970+00:00,INJURY,Dru Smith,G,Dec 9,Day-To-Day,Dec 8: Smith (hip) is questionable for Tuesday's game against the Magic.,,,,,,,,,,,,,,,,,,,2025-12-09T10:24:05.133801+00:00
,,,,,,,,,,,,,,2025-12-09T10:23:08.741970+00:00,INJURY,Pelle Larsson,G,Dec 9,Day-To-Day,Dec 8: Larsson (hip) is probable for Tuesday's game against the Magic.,,,,,,,,,,,,,,,,,,,2025-12-09T10:24:05.133801+00:00
,,,,,,,,,,,,,,2025-12-09T10:23:08.741970+00:00,INJURY,Tyler Herro,G,Dec 9,Day-To-Day,Dec 8: Herro (toe) is probable for Tuesday's game against the Magic.,,,,,,,,,,,,,,,,,,,2025-12-09T10:24:05.133801+00:00
,,,,,,,,,,,,,,2025-12-09T10:23:08.741970+00:00,INJURY,Davion Mitchell,G,Dec 9,Day-To-Day,"Dec 8: Mitchell (groin) is expected to play Tuesday against the Magic, Anthony Chiang of the Miami Herald reports.",,,,,,,,,,,,,,,,,,,2025-12-09T10:24:05.133801+00:00
,,,,,,,,,,,,,,2025-12-09T10:23:08.741970+00:00,INJURY,Terry Rozier,G,Dec 18,Out,"Oct 23: The NBA placed Rozier on immediate leave from the Heat on Thursday, ESPN's Shams Charania reports.",,,,,,,,,,,,,,,,,,,2025-12-09T10:24:05.133801+00:00
,,,,,,,,,,,,,,2025-12-09T10:23:08.741970+00:00,INJURY,AJ Green,G,Dec 11,Day-To-Day,Dec 7: Green (shoulder) has been ruled out for Saturday's game against the Pistons.,,,,,,,,,,,,,,,,,,,2025-12-09T10:24:05.133801+00:00
,,,,,,,,,,,,,,2025-12-09T10:23:08.741970+00:00,INJURY,Giannis Antetokounmpo,F,Dec 31,Out,Dec 5: Bucks head coach Doc Rivers said he won't rush Antetokounmpo back to the court and expects him to need closer to four weeks to recover from the calf injury.,,,,,,,,,,,,,,,,,,,2025-12-09T10:24:05.133801+00:00
,,,,,,,,,,,,,,2025-12-09T10:23:08.741970+00:00,INJURY,Taurean Prince,F,Jan 2,Out,Nov 13: Prince underwent surgery Thursday to repair the herniated disc in his neck and will remain out indefinitely.,,,,,,,,,,,,,,,,,,,2025-12-09T10:24:05.133801+00:00
,,,,,,,,,,,,,,2025-12-09T10:23:08.741970+00:00,INJURY,Jordan Poole,G,Dec 11,Out,Dec 7: Poole (quadriceps) has been ruled out for Monday's game against the Spurs.,,,,,,,,,,,,,,,,,,,2025-12-09T10:24:05.133801+00:00
,,,,,,,,,,,,,,2025-12-09T10:23:08.741970+00:00,INJURY,Zion Williamson,F,Dec 26,Out,"Dec 2: Williamson (adductor) will be re-evaluated in three weeks, Shams Charania of ESPN reports.",,,,,,,,,,,,,,,,,,,2025-12-09T10:24:05.133801+00:00
,,,,,,,,,,,,,,2025-12-09T10:23:08.741970+00:00,INJURY,Dejounte Murray,G,Jan 2,Out,"Sep 25: ESPN's Shams Charania reported Wednesday that Murray (Achilles) could return right after New Years, according to Pelicans Film Room.",,,,,,,,,,,,,,,,,,,2025-12-09T10:24:05.133801+00:00
,,,,,,,,,,,,,,2025-12-09T10:23:08.741970+00:00,INJURY,Pacome Dadiet,F,Dec 18,Out,Dec 8: Dadiet (ankle) has been ruled out for Tuesday's game against the Raptors.,,,,,,,,,,,,,,,,,,,2025-12-09T10:24:05.133801+00:00
,,,,,,,,,,,,,,2025-12-09T10:23:08.741970+00:00,INJURY,Miles McBride,G,Dec 18,Out,Dec 8: McBride (ankle) is out for Tuesday's game against the Raptors.,,,,,,,,,,,,,,,,,,,2025-12-09T10:24:05.133801+00:00
,,,,,,,,,,,,,,2025-12-09T10:23:08.741970+00:00,INJURY,Karl-Anthony Towns,C,Dec 9,Day-To-Day,Dec 8: Towns (calf) is listed as questionable for Tuesday's game against the Raptors.,,,,,,,,,,,,,,,,,,,2025-12-09T10:24:05.133801+00:00
,,,,,,,,,,,,,,2025-12-09T10:23:08.741970+00:00,INJURY,Landry Shamet,G,Dec 24,Out,"Nov 26: Shamet (shoulder) will be re-evaluated in four weeks, Shams Charania of ESPN reports.",,,,,,,,,,,,,,,,,,,2025-12-09T10:24:05.133801+00:00
,,,,,,,,,,,,,,2025-12-09T10:23:08.741970+00:00,INJURY,Shai Gilgeous-Alexander,G,Dec 10,Day-To-Day,Dec 8: Gilgeous-Alexander won't play Sunday against the Jazz due to left elbow bursitis.,,,,,,,,,,,,,,,,,,,2025-12-09T10:24:05.133801+00:00
,,,,,,,,,,,,,,2025-12-09T10:23:08.741970+00:00,INJURY,Isaiah Joe,G,Dec 10,Day-To-Day,Dec 8: Joe (knee) will not play Sunday against the Jazz.,,,,,,,,,,,,,,,,,,,2025-12-09T10:24:05.133801+00:00
,,,,,,,,,,,,,,2025-12-09T10:23:08.741970+00:00,INJURY,Alex Caruso,G,Dec 10,Out,Dec 6: Caruso (quadriceps) has been ruled out for Sunday's game against the Jazz.,,,,,,,,,,,,,,,,,,,2025-12-09T10:24:05.133801+00:00
,,,,,,,,,,,,,,2025-12-09T10:23:08.741970+00:00,INJURY,Luguentz Dort,G,Dec 10,Out,Dec 6: Dort (thigh) won't play Sunday against the Jazz.,,,,,,,,,,,,,,,,,,,2025-12-09T10:24:05.133801+00:00
,,,,,,,,,,,,,,2025-12-09T10:23:08.741970+00:00,INJURY,Isaiah Hartenstein,C,Dec 10,Out,"Nov 29: Hartenstein sustained a right soleus strain and will be re-evaluated in 10-to-14 days, Michael Scotto of USA Today reports.",,,,,,,,,,,,,,,,,,,2025-12-09T10:24:05.133801+00:00
,,,,,,,,,,,,,,2025-12-09T10:23:08.741970+00:00,INJURY,Nikola Topic,G,Feb 20,Out,"Oct 30: Topic has been diagnosed with testicular cancer, Thunder general manager Sam Presti announced Thursday, Justin Martinez of The Oklahoman reports.",,,,,,,,,,,,,,,,,,,2025-12-09T10:24:05.133801+00:00
,,,,,,,,,,,,,,2025-12-09T10:23:08.741970+00:00,INJURY,Thomas Sorber,C,Oct 1,Out,"Sep 5: The Thunder announced Friday that Sorber has sustained a torn ACL in his right knee during an offseason workout, NBA reporter Marc Stein reports.",,,,,,,,,,,,,,,,,,,2025-12-09T10:24:05.133801+00:00
,,,,,,,,,,,,,,2025-12-09T10:23:08.741970+00:00,INJURY,Franz Wagner,F,Dec 26,Out,"Dec 8: Wagner was diagnosed with a high left ankle sprain Monday and could miss two-to-four weeks, ESPN's Shams Charania reports.",,,,,,,,,,,,,,,,,,,2025-12-09T10:24:05.133801+00:00
,,,,,,,,,,,,,,2025-12-09T10:23:08.741970+00:00,INJURY,Moritz Wagner,F,Dec 18,Out,Dec 6: Wagner (knee) has been ruled out for Sunday's game against the Knicks.,,,,,,,,,,,,,,,,,,,2025-12-09T10:24:05.133801+00:00
,,,,,,,,,,,,,,2025-12-09T10:23:08.741970+00:00,INJURY,Colin Castleton,C,Dec 22,Out,"Nov 24: The Magic plan to sign Castleton to a two-way deal, Michael Scotto of USA Today reports.",,,,,,,,,,,,,,,,,,,2025-12-09T10:24:05.133801+00:00
,,,,,,,,,,,,,,2025-12-09T10:23:08.741970+00:00,INJURY,Kelly Oubre Jr.,G,Dec 12,Out,Dec 3: Oubre (knee) is out for Thursday's game against the Warriors.,,,,,,,,,,,,,,,,,,,2025-12-09T10:24:05.133801+00:00
,,,,,,,,,,,,,,2025-12-09T10:23:08.741970+00:00,INJURY,Trendon Watford,F,Dec 18,Out,"Nov 26: Watford (adductor) will be re-evaluated in two weeks, Noah Levick of NBC Sports Philadelphia reports.",,,,,,,,,,,,,,,,,,,2025-12-09T10:24:05.133801+00:00
,,,,,,,,,,,,,,2025-12-09T10:23:08.741970+00:00,INJURY,Koby Brea,G,Dec 9,Day-To-Day,"Dec 8: Brea recorded 29 points (10-18 FG, 5-11 3Pt, 4-5 FT), nine rebounds, three assists and one turnover across 39 minutes of Sunday's 123-105 G League loss to the Stockton Kings.",,,,,,,,,,,,,,,,,,,2025-12-09T10:24:05.133801+00:00
,,,,,,,,,,,,,,2025-12-09T10:23:08.741970+00:00,INJURY,Isaiah Livers,F,Dec 10,Out,Dec 7: Livers (hip) is out for Monday's game against the Timberwolves.,,,,,,,,,,,,,,,,,,,2025-12-09T10:24:05.133801+00:00
,,,,,,,,,,,,,,2025-12-09T10:23:08.741970+00:00,INJURY,Devin Booker,G,Dec 10,Out,"Dec 5: Head coach Jordan Ott said that Booker (groin) could play in Wednesday's game against Oklahoma City, Duane Rankin of The Arizona Republic reports.",,,,,,,,,,,,,,,,,,,2025-12-09T10:24:05.133801+00:00
,,,,,,,,,,,,,,2025-12-09T10:23:08.741970+00:00,INJURY,Jalen Green,G,Dec 18,Out,"Nov 11: Green (hamstring) will be re-evaluated in four-to-six weeks, Shams Charania of ESPN reports.",,,,,,,,,,,,,,,,,,,2025-12-09T10:24:05.133801+00:00
,,,,,,,,,,,,,,2025-12-09T10:23:08.741970+00:00,INJURY,Robert Williams III,C,Dec 11,Day-To-Day,Dec 7: Williams (illness) has been ruled out for Sunday's game in Memphis.,,,,,,,,,,,,,,,,,,,2025-12-09T10:24:05.133801+00:00
,,,,,,,,,,,,,,2025-12-09T10:23:08.741970+00:00,INJURY,Donovan Clingan,C,Dec 11,Out,Dec 7: Clingan (lower leg) has been ruled out for Sunday's game against the Grizzlies.,,,,,,,,,,,,,,,,,,,2025-12-09T10:24:05.133801+00:00
,,,,,,,,,,,,,,2025-12-09T10:23:08.741970+00:00,INJURY,Jrue Holiday,G,Dec 11,Out,Dec 4: Holiday (calf) is out for Friday's game against the Pistons.,,,,,,,,,,,,,,,,,,,2025-12-09T10:24:05.133801+00:00
,,,,,,,,,,,,,,2025-12-09T10:23:08.741970+00:00,INJURY,Matisse Thybulle,G,Dec 11,Out,Dec 1: Thybulle (thumb) has been ruled out for Tuesday's game against the Raptors.,,,,,,,,,,,,,,,,,,,2025-12-09T10:24:05.133801+00:00
,,,,,,,,,,,,,,2025-12-09T10:23:08.741970+00:00,INJURY,Scoot Henderson,G,Dec 20,Out,Nov 21: Henderson (hamstring) will be re-evaluated in 2-4 weeks.,,,,,,,,,,,,,,,,,,,2025-12-09T10:24:05.133801+00:00
,,,,,,,,,,,,,,2025-12-09T10:23:08.741970+00:00,INJURY,Blake Wesley,G,Jan 30,Out,"Nov 5: Wesley underwent a successful procedure to repair a fracture of the fifth metatarsal base in his right foot Wednesday, and he's expected to be sidelined for 8-12 weeks, Brett Siegel of ClutchPoints.com reports.",,,,,,,,,,,,,,,,,,,2025-12-09T10:24:05.133801+00:00
,,,,,,,,,,,,,,2025-12-09T10:23:08.741970+00:00,INJURY,Damian Lillard,G,Oct 1,Out,"Sep 25: Lillard won't be back on the court for the 2025-26 season, as he made clear during an interview with YouTube influencer Speed on Wednesday.",,,,,,,,,,,,,,,,,,,2025-12-09T10:24:05.133801+00:00
,,,,,,,,,,,,,,2025-12-09T10:23:08.741970+00:00,INJURY,Dennis Schroder,G,Dec 11,Out,"Dec 8: Schroder (hip) has been ruled out for Monday's game against the Pacers, James Ham of ESPN 1320 Sacramento reports.",,,,,,,,,,,,,,,,,,,2025-12-09T10:24:05.133801+00:00
,,,,,,,,,,,,,,2025-12-09T10:23:08.741970+00:00,INJURY,Domantas Sabonis,F,Dec 18,Out,"Nov 20: Sabonis has been diagnosed with a partially torn meniscus in his left knee and is expected to be evaluated in 3-to-4 weeks, Shams Charania of ESPN reports.",,,,,,,,,,,,,,,,,,,2025-12-09T10:24:05.133801+00:00
,,,,,,,,,,,,,,2025-12-09T10:23:08.741970+00:00,INJURY,Victor Wembanyama,F,Dec 10,Out,"Dec 8: Head coach Mitch Johnson said Wembanyama (calf) will travel with the Spurs for Wednesday's game against the Lakers, though he isn't guaranteed to suit up, Jeff McDonald of the San Antonio Express-News reports.",,,,,,,,,,,,,,,,,,,2025-12-09T10:24:05.133801+00:00
,,,,,,,,,,,,,,2025-12-09T10:23:08.741970+00:00,INJURY,Jordan McLaughlin,G,Dec 10,Out,"Dec 7: McLaughlin (hamstring) is out for Monday's game against the Pelicans, Paul Garcia of ProjectSpurs.com reports.",,,,,,,,,,,,,,,,,,,2025-12-09T10:24:05.133801+00:00
,,,,,,,,,,,,,,2025-12-09T10:23:08.741970+00:00,INJURY,Jamal Shead,G,Dec 9,Day-To-Day,"Dec 8: Shead (quadriceps) is questionable for Tuesday's game against the Knicks, Josh Lewenberg of TSN.ca reports.",,,,,,,,,,,,,,,,,,,2025-12-09T10:24:05.133801+00:00
,,,,,,,,,,,,,,2025-12-09T10:23:08.741970+00:00,INJURY,Jamison Battle,F,Dec 9,Day-To-Day,"Dec 8: Battle is doubtful for Tuesday's game against the Knicks due to a sprained left ankle, Josh Lewenberg of TSN.ca reports.",,,,,,,,,,,,,,,,,,,2025-12-09T10:24:05.133801+00:00
,,,,,,,,,,,,,,2025-12-09T10:23:08.741970+00:00,INJURY,RJ Barrett,F,Dec 18,Out,"Dec 8: Barrett (knee) will sidelined for at least one more week following a PRP injection, Josh Lewenberg of TSN.ca reports.",,,,,,,,,,,,,,,,,,,2025-12-09T10:24:05.133801+00:00
,,,,,,,,,,,,,,2025-12-09T10:23:08.741970+00:00,INJURY,Lauri Markkanen,F,Dec 12,Day-To-Day,Dec 7: Markkanen (illness) won't play Sunday against the Thunder.,,,,,,,,,,,,,,,,,,,2025-12-09T10:24:05.133801+00:00
,,,,,,,,,,,,,,2025-12-09T10:23:08.741970+00:00,INJURY,Georges Niang,F,Dec 12,Out,Dec 6: Niang (foot) has been ruled out for Sunday's game against the Thunder.,,,,,,,,,,,,,,,,,,,2025-12-09T10:24:05.133801+00:00
,,,,,,,,,,,,,,2025-12-09T10:23:08.741970+00:00,INJURY,Walker Kessler,C,Oct 1,Out,"Nov 5: Kessler will undergo left shoulder surgery and will miss the remainder of the 2025-26 season, Tony Jones of The Athletic reports.",,,,,,,,,,,,,,,,,,,2025-12-09T10:24:05.133801+00:00
,,,,,,,,,,,,,,2025-12-09T10:23:08.741970+00:00,INJURY,Khris Middleton,F,Dec 12,Day-To-Day,Dec 7: Middleton (knee) will not play Saturday against the Hawks.,,,,,,,,,,,,,,,,,,,2025-12-09T10:24:05.133801+00:00
,,,,,,,,,,,,,,2025-12-09T10:23:08.741970+00:00,INJURY,Sharife Cooper,G,Dec 12,Out,Dec 5: Cooper (calf) won't play in Saturday's game against Atlanta.,,,,,,,,,,,,,,,,,,,2025-12-09T10:24:05.133801+00:00
,,,,,,,,,,,,,,2025-12-09T10:23:08.741970+00:00,INJURY,Alex Sarr,C,Dec 12,Out,Dec 5: Sarr (thigh) will remain on the inactive list for Saturday's game versus the Hawks.,,,,,,,,,,,,,,,,,,,2025-12-09T10:24:05.133801+00:00
,,,,,,,,,,,,,,2025-12-09T10:23:08.741970+00:00,INJURY,Bilal Coulibaly,G,Dec 17,Out,"Dec 3: Coulibaly (oblique) is likely to be sidelined for multiple weeks, Josh Robbins of The Athletic reports.",,,,,,,,,,,,,,,,,,,2025-12-09T10:24:05.133801+00:00
,,,,,,,,,,,,,,2025-12-09T10:23:08.741970+00:00,INJURY,Corey Kispert,F,Dec 17,Out,"Nov 27: Kispert suffered a fractured right thumb Tuesday and is expected to miss a few weeks of action, Josh Robbins of The Athletic reports.",,,,,,,,,,,,,,,,,,,2025-12-09T10:24:05.133801+00:00
,,,,,,,,,,,,,,2025-12-09T10:23:08.741970+00:00,INJURY,Tre Johnson,G,Dec 17,Out,"Nov 24: Johnson has a strained left hip flexor and doesn't have a timetable to return, Josh Robbins of The Athletic reports.",,,,,,,,,,,,,,,,,,,2025-12-09T10:24:05.133801+00:00
,,,,,,,,,,,,,,2025-12-09T10:24:05.043496+00:00,SCHEDULE_GAME,,,,,,2025-12-09T00:00:00,1.0,0022501201,1.0,TBD,,,,2025,0.0,     ,Amazon,,,Q0       - Amazon,,0.0,0.0,2025-12-09T10:24:05.133801+00:00
,,,,,,,,,,,,,,2025-12-09T10:24:05.043496+00:00,SCHEDULE_GAME,,,,,,2025-12-09T00:00:00,2.0,0022501203,1.0,TBD,,,,2025,0.0,     ,Amazon,,,Q0       - Amazon,,0.0,0.0,2025-12-09T10:24:05.133801+00:00
